{
    "gif": "https://cdn.discordapp.com/attachments/998979020614008903/1016442874763694171/unknown.png",
    "welkomchannel": "972911680315084908",
    "welkomrole": "972911680055046216",
    "color": "#ffffff",
    "footer": "made by notCoolbro#5555",
    "ticketstaffrole": "972911680294105128",
    "ticketpanelchannel": "973683973542797312",
    "suggestionchannel": "972911681128763501",
    "carsuggestionchannel": "972911681355251802",
    "discordsuggestionchannel": "1016444577470754916",
    "badwordschannel": "1013900387255844915",
    "activity": "HoogeveenRP",
    "levelupchannel": "972911681128763498",
    "ticket1": "Klachten",
    "ticket2": "Staff report", 
    "ticket3": "Sollicitatie",
    "ticket4": "Vragen", 
    "ticket5": "Unban",
    "ticket6": "Bug report",
    "ticketlogkanaal": "972940916681756712"
}